id	label	error	predict	explanation
2	neutral	0	sadness	The sentence reflects a troubling consideration regarding someone potentially taking their own life. It expresses a dark and heavy emotion of sadness, as it highlights the seriousness of the person's situation while also hinting at the misunderstanding and lack of empathy others might have regarding their true state. The phrase 'does off himself' indicates a grim reality, and the concern about others thinking it's a joke adds depth to the sadness surrounding mental health struggles and the tragedy of despair.
4	fear	0	fear	The phrase 'to make her feel threatened' directly implies a situation that induces fear or anxiety in the individual. The use of 'threatened' suggests an intention to instill fear, leading to emotional discomfort and a sense of danger, thus categorizing it under the emotion of fear.
6	surprise	0	anger	The sentence expresses frustration and disdain towards a player (Peyton) and indirectly towards the fans of the Broncos. The use of derogatory language ('Dumbass') and the overall tone convey a sense of irritation and disappointment regarding a perceived lack of ability or support during critical moments (the playoffs). This aligns closely with the emotion of anger.
7	gratitude	0	excitement	The use of 'anxiously wait' and the playful 'hubby' along with the winking emoji indicate a sense of eagerness and anticipation. The tone is light-hearted and conveys a positive emotion associated with looking forward to something.
8	admiration	0	anger	The use of the word 'Damn' indicates frustration or anger towards YouTube, implying a negative sentiment regarding its practices. The phrase 'outrage drama is super lucrative' suggests a critical view of how controversy is capitalized on, adding to the feelings of annoyance and anger towards both platforms.
9	neutral	0	curiosity	The sentence expresses an inquisitive tone, suggesting a desire to explore the relationship dynamics or understanding of trust. The use of 'might be linked' indicates speculation, leading to a curiosity about the implications of trust in friendship.
10	confusion	0	curiosity	The speaker expresses a level of uncertainty and interest regarding the cable television viewership among younger demographics. The phrase 'I don‚Äôt know anybody' indicates a lack of information, which suggests a curiosity about the current trends in media consumption among those under 35.
11	neutral	0	neutral	The statement is factual and informative, simply expressing the speaker's location and their willingness to engage without any emotional charge. It does not convey any specific emotion like joy, sadness, or excitement, which supports the classification as neutral.
13	annoyance	0	annoyance	The language used in the sentence, particularly the phrase 'same fucking problem', conveys a sense of frustration and irritation. The speaker is expressing a negative sentiment about the situation, indicating that despite a slight improvement, the underlying issue remains unresolved, which typically elicits annoyance.
16	neutral	0	disgust	The phrase 'that is what retardation looks like' carries a derogatory tone, implying a strong negative judgment about someone's abilities or behavior. The use of the term 'retardation' is often considered offensive and disrespectful, evoking feelings of disgust towards the behavior or the person being referenced.
19	neutral	0	neutral	The phrase 'slowing things down now' does not convey a strong emotional sentiment. It is simply a statement indicating a change in pace or approach without expressing joy, sadness, anger, or any other specific emotion. The tone is pragmatic rather than emotional.
20	neutral	0	neutral	The sentence conveys a straightforward fact about the release of a name without expressing any strong emotions or attitudes. It indicates a constraint in sharing information but does not display feelings such as excitement, disappointment, or curiosity.
22	neutral	0	amusement	The reference to 'the giant peach' evokes a whimsical and humorous imagery that aligns with a lighthearted or playful tone. The use of 'apparently' suggests a sense of fun or surprise about the name, rather than conveying any serious emotion.
24	neutral	0	sadness	The phrase 'it's actually too late' conveys a sense of inevitability and loss. This suggests that a situation, likely pertaining to a serious issue addressed in the study, cannot be changed or salvaged, leading to feelings of sorrow or disappointment.
28	confusion	0	curiosity	The sentence expresses a question about the relationship between FPTP (First Past the Post) and a referendum, indicating a desire for information or understanding regarding these topics. The use of 'What does...have to do with...' suggests a person is seeking clarification, which is characteristic of a curious mindset.
29	joy	0	joy	The phrase 'Happy to be able to help' expresses a positive emotional state, indicating pleasure or satisfaction from the act of being able to assist someone. This conveys a sense of joy derived from helping others.
30	neutral	0	disapproval	The phrase '18 is hot but very bland' indicates a lack of enthusiasm or engagement with the subject, suggesting disappointment in its blandness despite an initial attraction. The comparison to 'blonde launch' and stating that 'this blonde lady is not as hot' suggests a negative evaluation, leading to a sense of disapproval toward the comparison being made.
31	admiration	0	neutral	The phrase 'Famous for his 3-4 Defense' is a factual statement that describes someone's notable achievement in a specific context, likely related to sports (American football), without conveying any strong emotional undertone or sentiment. It is simply an informative observation.
32	sadness	0	curiosity	The phrasing 'Pretty sure I‚Äôve seen this' indicates an inquisitive mindset about the situation being described. The speaker is reflecting on prior experience while expressing doubt about the outcome ('Still looks painful but I think he lives'), which shows an interest in the context and resolution of the situation.
34	neutral	1		
35	disapproval	0	annoyance	The phrase suggests a dismissive attitude towards the idea of a sweet potato making decisions, indicating a sense of irritation or frustration. The use of 'wouldn't let' implies a strong rejection of the notion, which can evoke feelings of annoyance towards the absurdity of the situation.
39	neutral	0	curiosity	The speaker is asking a question and seeking information about past competition between two entities, indicating a desire to learn or know more about the topic.
40	neutral	0	surprise	The phrase 'FBI!! OPEN UP!!!' conveys a sense of urgency and an unexpected situation, likely causing a startled or surprised reaction. The use of exclamation marks emphasizes the intensity of the command, which often signifies that something unexpected is occurring, capturing the essence of surprise.
42	approval	0	approval	The phrase 'You can always kneel' implies a sense of acceptance or affirmation. It suggests that kneeling is a viable option, which can be interpreted as a positive, supportive statement. The tone indicates a level of endorsement or validation of the action, thus falling into the category of approval.
43	neutral	0	amusement	The term 'sololander' appears to be used playfully or humorously, suggesting a sense of lightheartedness. The word 'cheers' further indicates a friendly or celebratory tone, which is often associated with humor or amusement.
45	neutral	0	disgust	The sentence conveys a strong sense of disdain or contempt towards the person being addressed and their mother. The phrase 'no creativity' is a direct insult implying a lack of originality, which contributes to the overall negative tone. The use of 'copy me' suggests that the speaker feels objectified or imitated in an unflattering way, which elevates the emotional response to disgust.
46	neutral	1		
48	gratitude	0	gratitude	The phrase 'Thanks DB' indicates a sense of appreciation or thankfulness towards someone named DB, which aligns with the emotion of gratitude. The follow-up about finding a book suggests a proactive attitude but does not negate the underlying appreciative tone.
51	excitement	0	surprise	The use of 'Wow' indicates a strong reaction to the unexpected number of upvotes, which suggests astonishment or being taken aback by the high approval rating. The context implies that the speaker did not anticipate such a response, categorizing the sentiment as surprise.
52	neutral	0	confusion	The phrase 'sees all' implies a sense of omniscience or deep understanding, which could lead to confusion about whom or what is being referred to. The context is vague, creating ambiguity around the subject and intention behind the statement.
57	neutral	0	neutral	The sentence 'Detective from svu' carries no explicit emotional content. It simply states a role or title without conveying feelings, opinions, or emotional weight. Therefore, it fits into the neutral category.
62	admiration	0	joy	The phrase 'What a wonderful world' expresses a feeling of happiness and appreciation for life and the beauty around us. It conveys a sense of positivity and delight, which aligns with the emotion of joy.
63	neutral	0	fear	The phrase 'Never get out of the boat' implies a warning or caution against taking a risk or venturing into a potentially dangerous situation. This can evoke feelings of fear regarding the unknown or the consequences of leaving a perceived safe space.
66	approval	0	neutral	The statement presents a self-identification as a 'troll' but accompanies it with a lack of emotional investment, suggesting a detached and matter-of-fact tone. This indicates neutrality rather than any strong emotional response such as joy, anger, or sadness. The use of 'fortunately' implies a positive spin on the situation, but it doesn't convey a significant emotional weight.
67	sadness	1		
69	neutral	0	confusion	The statement suggests a sense of uncertainty or lack of clarity regarding the actions taken by Australia, indicated by the phrase 'tried to do this to.' This ambiguity implies that the speaker is grappling with understanding the situation, leading to confusion about the specifics of the events being referred to.
70	sadness	1		
75	remorse	0	disappointment	The phrase 'I take it all back' suggests a reversal of a previous opinion, indicating a change of heart likely prompted by feeling let down or underwhelmed. The mention of 'his latest effort' implies that the speaker had expectations that were not met, further contributing to a sense of disappointment.
80	neutral	0	confusion	The phrase 'If they bolt its a feature' suggests ambiguity and uncertainty. The use of 'if' indicates a hypothetical situation, making it unclear what is being referred to. Additionally, the term 'bolt' typically conveys a sense of quick action or escape, but in this context, it may not be immediately obvious what the feature is, leading to confusion about the intended meaning.
81	curiosity	0	fear	The sentence expresses a concern about safety, suggesting that individuals with debt may be perceived as easier targets for muggings. The wording indicates a sense of worry or anxiety about potential threats and the implications of financial status on personal security.
85	disapproval	0	disapproval	The statement expresses a strong negative judgment about the team's ethical standards. The use of the word 'lacks' suggests a critical perspective, indicating dissatisfaction with the moral principles or integrity of the team. This aligns well with the emotion of disapproval.
87	neutral	0	disapproval	The phrase suggests a negative sentiment towards actions or decisions that prioritize the country's best interest over emotional considerations. The use of 'not' implies disagreement or dissatisfaction with a focus that disregards emotional impact, leading to a classification of disapproval.
88	caring	0	disapproval	The speaker expresses a negative viewpoint regarding the idea of taking a significant pay cut, indicating a judgment against the decision. By suggesting that the person should maintain their job while pursuing creative writing as a side hobby, it implies disapproval of prioritizing the creative path over financial stability.
90	neutral	0	admiration	The use of 'omg', along with the emoticon 'üòç', indicates a strong positive emotional response, suggesting that the speaker finds the scene of [NAME] and his dad walking out together endearing and charming. This reflects a sense of admiration for the relationship and the moment being shared.
94	realization	0	relief	The speaker is expressing a change in opinion about the team's performance, indicating that they initially found the team boring but have found enjoyment in the last two games. This suggests a sense of relief that their previous negative sentiment has been alleviated due to the recent improvement in the team's performance.
95	neutral	0	disappointment	The phrase 'I was kicked' implies a negative experience, likely leading to feelings of disappointment regarding the situation. The addition of 'apparently don't care about oversharing on Reddit about it anymore' suggests a sense of resignation or acceptance of the situation, which often accompanies disappointment when one's actions or experiences do not align with expectations.
96	joy	0	annoyance	The phrase 'Happy hunting!' juxtaposed with the complaint about playing against '1000 ms ping EU players that have no idea what's going on' suggests a tone of sarcasm and irritation. The speaker appears to be expressing frustration with the quality of competition and the technical issues, while the use of 'Happy hunting!' seems to mockingly cheer someone on in a situation they find unfavorable.
100	neutral	0	confusion	The phrase 'And you believe this?' suggests uncertainty or questioning regarding someone else's belief or opinion. It indicates a lack of clarity or understanding about the information being discussed, which fits well within the 'confusion' emotion category.
101	neutral	0	disapproval	The statement expresses a negative judgment toward items that are not sours, indicating that they are considered 'completely forgettable and average.' The phrase suggests a lack of quality and enthusiasm for those products, which aligns with the sentiment of disapproval.
103	annoyance	0	annoyance	The phrase 'Dude. Stop. Seriously.' conveys a clear sense of irritation and frustration. The use of informal address ('Dude') indicates familiarity, while the imperative demands ('Stop' and 'Seriously') suggest the speaker's annoyance with the listener's actions or behavior. The brevity and directness of the statement emphasize a lack of patience, which aligns well with the emotion of annoyance.
113	disappointment	0	disappointment	The speaker expresses frustration and a sense of regret over their financial situation, indicating that saving money is taking too long and that the amount they can save feels insignificant. The mention of 'should of brought more bitcoins' suggests a realization of missed opportunities, amplifying their disappointment with their decisions.
119	neutral	0	confusion	The sentence appears to be unclear and contains language that may be confusing. Phrases like 'Deluxe always need ingest people' suggest a lack of clarity in expression, leading to confusion about what is being communicated. The mention of 'fairly regular openings for media operators' adds to this, indicating a lack of coherence or structure in the ideas being presented.
127	admiration	0	gratitude	The phrase 'one of the only good things' expresses a sentiment of appreciation for [NAME], indicating that they brought value or positivity amidst a presumably negative or disappointing context (the season). This highlights a sense of acknowledgment and thankfulness toward [NAME].
128	fear	0	disapproval	The phrase 'Your coaching is terrible' explicitly indicates dissatisfaction with someone's performance or approach, which aligns with the idea of disapproval. Additionally, the warning 'be ready and see how [NAME] uses [NAME]' suggests a critique of the current situation and implies a belief that the existing coaching methods will lead to negative outcomes, reinforcing the sentiment of disapproval.
129	love	0	love	The use of the word 'adore' indicates a strong positive affection towards the comment section. The heart symbol '<3' further emphasizes feelings of love and fondness, suggesting that the speaker finds joy and appreciation in the interactions or content present in that section.
131	neutral	0	disappointment	The phrase 'good patch but could be way better' indicates that while there is some level of satisfaction with the patch, there is also a sense of unmet expectations or a feeling that improvements could have been made. This combination suggests a feeling of disappointment with the overall outcome, as the speaker acknowledges positives but is focused on the negatives.
132	annoyance	0	annoyance	The phrase 'Stop master debating' is a sarcastic remark that implies the speaker is frustrated with the other person's behavior. The expression 'making a fool out of yourself' indicates a level of irritation and disbelief regarding the person's actions. Additionally, stating 'It's concerning' suggests that the speaker is not just annoyed but also worried about the implications of that behavior, reinforcing the feeling of annoyance towards the situation.
133	neutral	0	neutral	The sentence expresses a straightforward observation about the conditions that might influence a situation, specifically regarding the number of people awake and passing by. It does not convey a strong emotional response or sentiment but rather presents a factual statement without any implication of feelings such as excitement, joy, or disappointment.
141	optimism	0	approval	The phrase 'good luck buddy' conveys a supportive and encouraging sentiment. It implies a positive wish for someone's success, which aligns with feelings of approval and goodwill.
146	admiration	0	confusion	The phrase 'I don‚Äôt understand why people give gold to crossposts' indicates a lack of comprehension regarding the behavior or motivations of others, which aligns with the emotion of confusion. Additionally, the statement 'You deserve all the upvotes' introduces a feeling of approval or support directed towards someone, but the overall sentiment is primarily focused on the speaker's bewilderment.
147	joy	0	joy	The phrase 'No problem at all' indicates a positive and helpful attitude, while 'glad I could help' expresses a sense of satisfaction and happiness in being able to assist. The inclusion of ':)' and 'Cheers!' adds an additional layer of warmth and positivity, reinforcing the feeling of joy in the context of helping someone.
151	gratitude	0	optimism	The use of 'Thanks' and the smiley face ':)' conveys a sense of gratitude and positivity. The phrase 'as the days go by they are getting better' indicates a hopeful outlook on future improvements, reflecting an optimistic emotional state.
152	admiration	0	optimism	The phrase 'Success is the best revenge' suggests a positive outlook on overcoming challenges and using achievements as a form of personal empowerment. The encouragement 'Good job OP. Stay strong. You're almost there' further reinforces a hopeful and supportive sentiment, emphasizing belief in future success and resilience.
155	joy	0	joy	The use of exclamation marks and the enthusiastic phrasing suggests a positive and excited reaction to the music associated with the name mentioned. This conveys happiness and a sense of celebration, indicating joy in recognizing or experiencing something that brings pleasure.
157	curiosity	0	curiosity	The question implies a desire to know more about someone's background or whereabouts, indicating an interest in learning about their experience or lifestyle in Appalachia.
158	approval	1		
160	annoyance	0	disapproval	The phrase 'perverse incentives' indicates a strong negative reaction to a system that leads to exploitation instead of rehabilitation. This reflects a critical stance towards the policies being discussed, aligning with the emotion of disapproval.
161	approval	0	disapproval	The phrase 'Yeahhhh no, you're banned for this whole convo' expresses a clear negative judgment about the conversation. The use of 'banned' indicates a refusal to continue, signaling disapproval of the other person's behavior or comments in that conversation.
166	love	0	confusion	The speaker is making a statement about their weight and lifestyle choices, suggesting they have some concern about being overweight. However, the mention of loving food may imply a conflict or confusion about their feelings towards food versus their fitness goals. This uncertainty about how they feel about their situation can indicate a sense of confusion.
169	curiosity	0	disapproval	The tone of the sentence suggests a negative judgment towards the 'guy' and his handout, implying skepticism or criticism regarding the legitimacy or fairness of the situation related to building the stadium. The phrasing indicates a lack of approval and suggests dissatisfaction with how things are being handled.
170	joy	0	amusement	The use of the phrase 'i think its cool' expresses a light-hearted and positive feeling toward the hybrid vehicle, suggesting a sense of interest or enjoyment. The mention of 'stickshift' adds a playful twist, as it implies an appreciation for a traditional driving experience combined with modern hybrid technology, which can be seen as amusing.
172	gratitude	0	curiosity	The phrase 'The first time I'm seeing it' indicates a sense of exploration or a newfound interest in the topic, suggesting curiosity about the content being referred to. The expression 'thank you for sharing' reflects a level of appreciation and acknowledgment, further implying an inquisitive stance towards the subject matter, specifically in relation to the 'propaganda efforts' mentioned.
174	neutral	0	disapproval	The phrase 'had to walk back your support' indicates a sense of regret or reconsideration regarding one's previous stance, implying that the speaker disapproves of the situation or the decision made. Additionally, the implication that the bill would negatively affect the individual's shotgun suggests a discontent with the consequences of the bill, reinforcing the disapproving tone.
175	approval	0	approval	The use of the word 'decent' indicates a positive evaluation of the game, and describing it as one of the few releases in a category suggests a sense of approval for its quality compared to others. The speaker shows a favorable attitude towards the game's qualities.
178	confusion	0	disappointment	The speaker expresses doubt about their boy's interest in Panic! At the Disco, which suggests a sense of disappointment that the band may not align with his preferences. The use of 'doubt' conveys a feeling of uncertainty and a hope that the boy would have liked the band, but the realization that he likely does not sparks a subtle sense of letdown.
179	neutral	0	neutral	The sentence presents a factual observation about significance in a game context without strong emotional undertones. It remarks on the idea that someone's importance is not contingent on their inclusion, using a specific example. The tone is informative and lacks elements of strong feelings such as joy, anger, or sadness.
184	admiration	0	admiration	The phrase 'Such a nice photo' indicates a positive appreciation for the visual quality of the photo, which conveys feelings of admiration toward the image of city hall.
185	sadness	0	disgust	The phrase 'suffering a delirium flu' and 'all sorts of suffering' indicates a strong negative experience and discomfort. The use of 'suffering' in this context conveys a sense of distress and repulsion related to the condition, which aligns with the feeling of disgust towards the experience of illness.
186	admiration	0	confusion	The phrase 'I had no idea what the fuck this was about' conveys a sense of confusion about the subject at hand. However, the subsequent statement about the ad being 'actually decent' suggests a positive change in perception, indicating that the speaker's initial confusion was resolved, leading to a more favorable view.
191	neutral	0	confusion	The phrase indicates a sense of uncertainty or perplexity regarding the action of swiping right on someone who is a left-handed person ('a leftie'). The use of 'weird' suggests that the speaker is grappling with an unusual or unexpected social norm, leading to feelings of confusion rather than other emotional reactions.
195	neutral	0	disgust	The statement is offensive and derogatory, suggesting a harsh and unpleasant sentiment about someone's mother. It also uses 'xd,' which indicates a mocking or joking tone, but the subject matter is deeply disrespectful and could incite feelings of disgust or repulsion in the reader.
196	approval	0	approval	The phrase suggests a positive attitude towards the situation being described. It highlights a rational and empowered approach to decision-making ('considering your options') rather than a negative or helpless stance ('desperation'). This reflects approval of a sensible mindset.
197	neutral	0	disgust	The description of the bathroom conditions conveys a sense of aversion and strong disapproval. Phrases like 'no soap dispenser,' 'destroyed toilet,' and 'toilet paper so long it left the bathroom' depict a very unclean and poorly maintained environment, which typically evokes feelings of disgust.
198	confusion	0	confusion	The statement presents a logical structure that may cause confusion for the reader. It introduces a categorization of supporters and tankies, implying a relationship that can be difficult to comprehend. The use of 'not all' and 'all' creates a complex argument that might leave some readers perplexed or unsure about the definitions and characteristics of the groups being discussed.
199	disapproval	0	disgust	The use of the word 'bizarre' indicates a strong negative reaction to the situation described, reflecting an intense disapproval of the practice of brainwashing people. The term 'intentionally brainwash' further emphasizes the moral repugnance towards the deliberate manipulation of individuals for harmful purposes, while 'murdering psychos' suggests contempt for the act of violence being justified under these circumstances. Overall, the tone conveys a sense of revulsion and disbelief about the normalization of such actions.
201	curiosity	0	confusion	The phrase 'what are you doing on the river' suggests a lack of understanding or clarity regarding someone's actions in a card game scenario. The tone indicates that the speaker is puzzled or questioning someone's decision, which aligns with the emotion of confusion.
202	neutral	0	disgust	The phrase 'I highly dislike this' indicates a strong negative reaction towards something, expressing a sense of displeasure. The acronym 'TIHI' likely suggests a context or sentiment that the speaker finds particularly objectionable or distasteful, reinforcing the emotion of disgust.
203	neutral	0	anger	The use of the word 'scumbags' conveys a strong negative sentiment towards certain individuals, reflecting a sense of anger or frustration. Additionally, the phrase 'sucks that it's so easy to use for a lot of other things' suggests disappointment with a situation, likely related to the misuse of something, further reinforcing the expression of anger about the perceived shortcomings or negative aspects of the context.
205	approval	0	annoyance	The tone of the sentence suggests a dismissive or condescending attitude, implying that the person being addressed may be ignorant or oblivious to a common issue. The use of 'Hell' emphasizes a level of frustration or irritation about the situation, which aligns with the emotion of annoyance.
210	sadness	0	sadness	The statement expresses a sense of regret and sorrow regarding someone's situation, particularly the fact that they were not given the proper support or opportunity to succeed, leading to a feeling of disappointment in what could have been. The use of 'unfortunately' along with the sad emoticon '(:' emphasizes this feeling of loss and sympathy for the person's plight.
214	curiosity	0	annoyance	The phrase 'Doesn't seem like a big deal' conveys a dismissive attitude, suggesting irritation toward the situation or the subject being discussed. The follow-up question, 'I mean is she in the room?' implies a lack of concern for the presence of the person (likely the 'she' being referred to), highlighting an annoyance with the current state of affairs or the involvement of that person.
216	annoyance	0	anger	The phrase 'We were all duped?' expresses a sense of betrayal and frustration about being misled. The speaker shows disdain for the person in question by claiming to have seen through her 'from day 1,' suggesting a strong negative judgment and a feeling of irritation towards others who were deceived. The tone indicates strong feelings of indignation and moral outrage, which align with the emotion of anger.
217	sadness	0	sadness	The use of 'took it off' indicates a loss, which typically evokes feelings of sadness. The frowning emoticon '(:' further emphasizes the speaker's disappointment and emotional discomfort regarding the removal of content from Netflix in Canada.
219	neutral	0	surprise	The statement reflects an unexpected situation, implying that the speaker is taken aback by OG not taking an opportunity that is presumably typical for them. The use of 'first time' indicates that this action deviates from the norm, which adds to the element of surprise.
221	neutral	0	disapproval	The sentence expresses a critical tone regarding the nature of available jobs, indicating discontent with their quality ('mostly shit paying jobs'). It also implies skepticism about the narrative being presented about the job market, suggesting that the speaker believes the positive portrayal ('good news') is misleading. This combination of dissatisfaction and cynicism aligns with the emotion of disapproval.
222	disappointment	0	disapproval	The phrase 'This shirt IS a problem' indicates a negative judgment about the shirt, suggesting that the speaker finds it undesirable or problematic. The directive 'Get rid of it' reinforces this sentiment, expressing a clear disapproval and desire for the item to be removed, reflecting a negative emotional response.
224	love	0	admiration	The phrase 'I really like this photo' expresses a positive sentiment and appreciation for the photo, indicating feelings of admiration for its aesthetic or emotional appeal.
228	gratitude	0	disgust	The phrase 'i hate it' expresses a strong negative reaction towards something, which aligns with feelings of disgust. Additionally, the mention of 'the young and the goal-less' suggests a critical perspective that may evoke feelings of disappointment or disapproval towards that group, but the explicit expression of hatred indicates a more intense emotional response characteristic of disgust.
229	neutral	0	confusion	The phrase 'I am still a child' suggests a sense of uncertainty about one's identity or maturity. It implies that the speaker may be grappling with their role or how they perceive themselves in relation to their age and responsibilities, which can evoke feelings of confusion.
230	annoyance	0	disapproval	The sentence conveys a negative judgment about someone‚Äôs intense dedication to a video game, implying that it reflects poorly on their life. The phrase 'takes overwatch super seriously and has no life' suggests a critical viewpoint, indicating disapproval of the person's lifestyle or attitude.
235	disappointment	0	disappointment	The use of 'unfortunately' indicates a sense of regret or sadness about the lack of fibre options in Suiderstrand. The sad face emoticon '(:' further reinforces that feeling of disappointment regarding their internet connectivity situation.
241	approval	0	joy	The speaker expresses enthusiasm and happiness about the start of Season 2 and draws a positive comparison to 'The Next Generation' (TNG), indicating a strong emotional connection and satisfaction with the show's quality. This reflects joy in the continuity and experience of the series they admire.
242	neutral	0	love	The speaker expresses strong positive feelings towards England, indicated by the phrase 'I LOVE ENGLAND.' This suggests an emotional attachment and pride towards the country. Despite the earlier statement which carries an aggressive tone, the ultimate sentiment is one of love and admiration for England.
244	confusion	0	amusement	The phrase 'Idk for fun?' suggests a light-hearted or playful attitude. The use of 'Idk' (I don't know) indicates a casual approach to the situation, while 'for fun' implies an intention to engage in something enjoyable or entertaining without a serious purpose. This reflects a sense of amusement.
245	approval	0	optimism	The phrase 'makes us more determined' suggests a positive and forward-looking attitude, indicating hope and ambition towards achieving a specific goal, which in this context refers to 'tanking for Zion.' This reflects an optimistic viewpoint regarding the potential benefits of their current strategy.
249	neutral	0	disapproval	The phrase 'r/hockey has no love for us!' conveys a sense of rejection or dissatisfaction with the hockey community, showing a feeling of disapproval. It suggests that the speaker feels neglected or unappreciated by that community. Additionally, the remainder of the sentence offers a counter to this sentiment by encouraging others to join a more welcoming group ('all us cool people'), reinforcing the disapproval of the hockey community while simultaneously expressing a desire for camaraderie.
250	disapproval	0	disapproval	The sentence expresses a negative judgment about the lack of concern from a specific group, implying dissatisfaction with their attitude towards significant issues. This indicates a feeling of disapproval towards the perceived indifference to important matters.
257	admiration	0	joy	The speaker expresses positive feelings about a player's performance, indicating happiness and satisfaction with the player's achievements (0.69 ERA and 10.7 K/9). The phrase 'Oh yeah! He was great for us' conveys a sense of enjoyment and pride in recalling the player's impact, which aligns with the emotion of joy.
260	disapproval	0	annoyance	The speaker expresses frustration over the lack of concrete evidence or reliable sources provided by others. Phrases like 'listing a few agencies and telling people to Google it' indicate irritation with a perceived inadequacy in the information shared, suggesting they want more substantial and verifiable sources rather than vague recommendations.
262	neutral	0	disapproval	The statement indicates a strong negative opinion towards someone being called 'babcuck,' suggesting that the speaker is advocating for their dismissal. The phrase 'woke gimme updoots' implies a sarcastic tone, further reinforcing the speaker's disapproval of that person‚Äôs actions or statements.
267	optimism	0	amusement	The phrasing 'just to piss them off' indicates a lighthearted intent, suggesting that the speaker finds humor in the idea of someone living a long life for the sake of annoying others. This reflects a playful attitude rather than any serious malice or negativity.
268	amusement	0	amusement	The use of 'lol' indicates a lighthearted tone, suggesting the speaker finds humor in the situation. The phrase 'the question really lacked the maybe later option' implies a playful criticism, which adds to the amusing nature of the comment.
270	neutral	0	disappointment	The sentence expresses a sense of skepticism and dissatisfaction regarding a situation where all parties cannot achieve their goals. It implies that the speaker believes the outcome will not be favorable or fair, indicating a feeling of disappointment about the unrealistic expectations of mutual benefit.
273	neutral	1		
274	surprise	0	surprise	The phrase 'more than pleasantly surprised' indicates a strong sense of unexpected enjoyment or astonishment related to the action of clicking the link. This directly aligns with the emotion of surprise, as it emphasizes an unexpected, positive reaction.
275	annoyance	0	surprise	The sentence expresses astonishment at the extreme temperature change (62 to 8) within a short period (12 hours). The phrase 'weather is crazy stuff' emphasizes the unexpectedness of the weather conditions, indicating a sense of surprise at the unpredictability of nature.
279	disapproval	0	confusion	The statement suggests uncertainty about a situation or concept, indicating that there is an unclear requirement for 'something else to live.' This creates a sense of confusion about what is needed or the context in which this idea is being presented.
281	amusement	0	joy	The statement expresses a sense of happiness and delight in sharing humor with someone who understands it. The phrase 'non-stop laugh together' indicates a joyful connection and enjoyment of the moment.
286	neutral	0	curiosity	The sentence implies a reminder or insight that challenges a common perception about 'zero.' This can provoke curiosity about mathematical concepts or broader implications regarding numbers and their classifications.
287	neutral	0	neutral	The statement presents a factual observation regarding the individual's status as a United director during the purchase, without any strong emotional undertones or subjective opinions. It neither expresses approval nor disapproval, and lacks emotional weight that would categorize it into a specific feeling.
289	neutral	0	fear	The statement expresses a concern for one's safety in relation to the actions of siblings, implying a fear of betrayal or harm. The use of 'kill me like that' suggests an exaggerated scenario that reflects a deeper anxiety about the dynamics of sibling relationships and the potential for conflict or danger.
291	admiration	0	amusement	The phrase 'Good news: this is shark tale not finding Nemo' suggests a playful comparison between two animated films. The mention of 'good news' implies a light-hearted tone, and the contrast between the two movies hints at a humorous or playful sentiment, likely based on the speaker's preference or excitement about 'Shark Tale.' This suggests an amused or light-hearted attitude towards the subject.
294	curiosity	0	curiosity	The question expresses an inquiry about the current situation of the person it is directed to, indicating a desire to know their status. This reflects curiosity about their whereabouts or actions.
296	optimism	0	nervousness	The sentence conveys a sense of anxiety or apprehension about an upcoming event, indicating a worry that '[NAME]' will lose their temper or composure. The phrase 'just hope it's not tonight' further emphasizes the feeling of nervous anticipation regarding a specific time frame, suggesting a concern about the implications of this potential situation.
297	disgust	0	embarrassment	The phrase 'I feel awful posting it' indicates a sense of regret or discomfort about sharing something, which aligns with the emotion of embarrassment. The use of the phrase 'but I couldn‚Äôt not share' suggests an internal conflict between the feeling of embarrassment and the compulsion to share, reinforcing the idea that the speaker is feeling uneasy about their actions.
299	surprise	0	disapproval	The sentence expresses a sense of disdain or criticism, particularly through the phrase 'Read a book, sweatie!', which suggests an implication that the person addressed is lacking in knowledge or understanding. The initial 'Wow. Just .. wow.' can indicate disbelief or disappointment in someone's actions or statements, reinforcing the overall disapproval tone.
