id	label	predict2	explanation2	error2
5	annoyance	disgust	The phrase 'Dirty Southern Wankers' carries a derogatory and offensive tone. It expresses a strong negative judgment towards a group of people, indicating contempt or disdain. The use of the word 'dirty' suggests moral repulsion, while 'wankers' is a slang term that is typically used to insult someone's intelligence or character, reinforcing the overall feeling of disgust.	0
6	surprise	disapproval	The use of 'Dumbass' clearly expresses a strong negative sentiment towards the Broncos fans, indicating irritation or disappointment with their perspective on Peyton. The overall tone of the sentence conveys a critique and a feeling of dissatisfaction regarding the fans' opinion, as well as a sense of frustration over not receiving the expected support in a critical situation like the playoffs.	0
7	gratitude	excitement	The use of an enthusiastic tone with 'anxiously wait' and the playful emoji indicates a sense of eagerness and anticipation. The mention of the 'f bombs' suggests a light-hearted or humorous context that adds to the overall excitement of the situation.	0
8	admiration	anger	The use of the word 'Damn' indicates frustration or irritation, and the phrase 'outrage drama is super lucrative' suggests disdain towards the phenomenon of drama being monetized on platforms like Reddit. This reflects a negative sentiment regarding the situation, aligning it with feelings of anger.	0
9	neutral	curiosity	The sentence implies a questioning or pondering attitude regarding the relationship and trust levels with a friend. The use of 'might be linked' suggests a desire to understand more about the connection between trust and the situation, indicating an exploration of thoughts or feelings related to trust.	0
10	confusion	curiosity	The speaker expresses a sense of questioning or pondering regarding the demographics of cable TV ownership, particularly among younger individuals. The phrase indicates a search for understanding or information about the trend of cable TV usage in a specific age group, which aligns with the emotion of curiosity.	0
13	annoyance	anger	The use of strong language ('same fucking problem') indicates a high level of frustration or irritation. The phrase suggests that the speaker is upset about a recurring issue, and the addition of 'slightly better command of the English language' implies that the speaker feels contempt or annoyance towards the person being referred to, possibly for not fully addressing the problem despite having some improvement. The overall tone conveys anger and dissatisfaction.	0
16	neutral	disgust	The term 'retardation' is often used in a derogatory manner and can indicate a deep disdain or contempt for a person's actions or abilities. The phrase suggests a strong negative judgment and conveys a feeling of disgust towards whatever is being described.	0
20	neutral	confusion	The statement suggests a lack of clarity regarding the appropriateness or rules surrounding sharing the name, indicating a sense of uncertainty about what can be disclosed. The phrase 'Just can't post it here' implies some frustration or confusion about the limitations on communication.	0
28	confusion	confusion	The sentence expresses uncertainty or a lack of clarity regarding the relationship between FPTP (First Past the Post) and the referendum. The use of the question format implies that the speaker is seeking information or understanding, which characterizes a feeling of confusion.	0
29	joy	joy	The phrase 'happy to be able to help' expresses a positive sentiment and a sense of satisfaction derived from being helpful. The use of the word 'happy' clearly denotes a joyful emotion linked to the act of assisting others.	0
30	neutral	disapproval	The sentence expresses a critical viewpoint about the attractiveness of a person, implying that while the individual referred to as '18' is deemed attractive ('hot'), there is a negative comparison made to another individual ('this blonde lady') who is perceived as less appealing. The use of 'bland' further emphasizes dissatisfaction or a lack of excitement, reinforcing an overall sense of disapproval regarding the comparisons being made.	0
34	neutral	disappointment	The phrase 'Honestly it sounds exhausting being married to him' indicates a sense of negative reflection on the relationship, suggesting that it is tiring and perhaps unsatisfactory. The follow-up, 'Maybe it will be better for you in the long run,' expresses a hope for an improved future situation, which implies a sense of disappointment with the current circumstances. Overall, the tone conveys a mix of concern about the current state and a lack of fulfillment in the relationship.	0
35	disapproval	disapproval	The sentence expresses a dismissive attitude towards the idea of allowing a 'sweet potato' to have any influence or authority. The use of 'wouldn't let' indicates a clear rejection of this notion, which aligns with feelings of disapproval regarding the idea or situation presented.	0
40	neutral	surprise	The phrase 'FBI!! OPEN UP!!!' is a sudden and attention-grabbing exclamation, typically associated with an unexpected or urgent situation. It evokes surprise due to its forceful demand and implication of a dramatic or alarming event. The capital letters and exclamation points further emphasize the urgency and intensity of the expression.	0
43	neutral	joy	The expression 'Cheers' typically conveys a sense of celebration or happiness, and 'sololander' seems to be a friendly or affectionate term. This combination suggests a joyful sentiment, likely in a lighthearted or social context.	0
48	gratitude	neutral	The statement expresses a simple expression of intent without any strong emotional undertones. It reflects a basic acknowledgment and a plan to take action, which does not convey any particular emotion like joy, excitement, or disappointment.	0
51	excitement	surprise	The use of 'Wow' indicates a sense of astonishment or unexpected reaction to the number of upvotes. The phrase suggests that the speaker did not anticipate such a high level of approval or engagement, which aligns with the emotion of surprise.	0
52	neutral	curiosity	The phrase 'sees all' implies a sense of observation or awareness, which can evoke curiosity. It suggests that there is more to be understood or revealed about the subject, prompting questions about what is being seen and what implications it holds.	0
63	neutral	confusion	The phrase 'Never get out of the boat' lacks context, which can lead to confusion about its meaning. It could imply caution or fear, but without additional information, it's difficult to determine the intended emotional tone. The ambiguity of the statement makes it challenging to categorize it definitively into other emotions.	0
64	amusement	disgust	The phrase 'damn pervert foreigners' reflects a strong negative judgment about a group of people, which suggests feelings of contempt or disdain. The use of 'damn' emphasizes the speaker's intense disapproval and moral outrage, aligning with the emotion of disgust.	0
66	approval	neutral	The sentence conveys a statement of self-identification as a 'troll' without expressing any strong emotions regarding this identity. The speaker's mention of not being 'emotionally invested' suggests a detached attitude, indicating a lack of feelings like joy, shame, or pride associated with trolling. It presents a straightforward acknowledgment rather than an emotionally charged response.	0
68	approval	relief	The phrase 'At least it‚Äôs not anything worse' conveys a sense of relief that the situation is better than it could have been. The addition of 'and that you are still close to that person' reinforces this feeling by highlighting a positive aspect of the situation, suggesting appreciation for the existing relationship despite any challenges.	0
75	remorse	disappointment	The phrase 'I take it all back' suggests a change in opinion, likely due to an unmet expectation, which often conveys disappointment. The mention of 'his latest effort' implies that the speaker had anticipated a positive outcome but was let down by what they have now seen, leading to a sense of regret or disillusionment.	0
78	neutral	annoyance	The use of 'Damn' suggests frustration or irritation with the situation being discussed. The phrase implies that the cost is unreasonable, leading to an annoyance at the implied wastefulness of the expenditure when a more practical solution (a mobile plan) is readily available. The mention of 'latency sensitive' hints at a technical context but doesn't alleviate the underlying irritation expressed.	0
79	curiosity	confusion	The sentence expresses uncertainty about the applicability of the 90-day rule in relation to increases over 5%. The use of 'I think' indicates that the speaker is unsure and is questioning their understanding, which aligns with the emotion of confusion.	0
80	neutral	confusion	The sentence seems to convey some sort of unusual or unexpected notion, particularly with the phrase 'if they bolt.' This creates a sense of ambiguity, leading to confusion about what is meant by 'feature' in this context. The lack of clear context and the peculiar wording can evoke uncertainty and a lack of comprehension.	0
81	curiosity	fear	The sentence expresses concern about the potential risks associated with individuals in debt being more visible as targets for muggings. The phrase 'easier target' indicates a fear regarding safety and vulnerability, suggesting the speaker is apprehensive about the repercussions of this situation.	0
84	annoyance	excitement	The expression 'seriously wtf' conveys a strong emotional reaction, indicative of surprise or shock, but it also suggests a sense of intensity that aligns more with excitement about the event being discussed. The phrase 'the sickest soulread ever' is an enthusiastic endorsement, indicating that the speaker is thrilled or amazed by what they witnessed.	0
86	neutral	disapproval	The speaker expresses a strong negative judgment towards [NAME], labeling them as 'useless' and challenging the validity of any positive contribution [NAME] may have made. This language indicates dissatisfaction and a critical stance, aligned with feelings of disapproval.	0
88	caring	disapproval	The speaker expresses disapproval of the idea of taking a significant pay cut, suggesting that it is not a wise decision. The advice to keep the job and pursue creative writing only in free time implies a judgment about the riskiness of prioritizing creative pursuits over financial stability.	0
90	neutral	admiration	The use of 'omg' and 'so cute' conveys a sense of fondness and appreciation for the moment being described. The heart-eyes emoji (üòç) further reinforces a positive emotional response, suggesting that the observer finds the relationship and the image of [NAME] walking with his dad to be endearing and charming.	0
93	admiration	admiration	The statement expresses a positive regard for someone's sense of humor, specifically highlighting the appreciation for its unique style (deadpan). This indicates a feeling of admiration for the person's ability to invoke amusement through this particular form of humor.	0
94	realization	relief	The speaker initially expressed dissatisfaction by labeling the team as 'boring' but shifted their perspective positively after witnessing improvements in the last two games. This change indicates a sense of relief from the previous disappointment, as they seem to have found renewed enjoyment or engagement with the team's performance.	0
95	neutral	disapproval	The phrase 'I was kicked' suggests a negative experience, likely implying rejection or exclusion. The addition of 'apparently don't care about oversharing on Reddit about it anymore' indicates a dismissive attitude towards the situation or the act of sharing personal experiences with others, which reflects a sense of disapproval towards either the act of oversharing itself or the consequences of being kicked. Overall, this sentiment leans towards disapproval of the situation and the speaker's own handling of it.	0
96	joy	annoyance	The phrase suggests a level of frustration or irritation with opponents who are perceived to be incompetent, as indicated by the comment on their 'no idea what's going on' and the sarcastic 'Happy hunting!' This implies a disdain for the quality of gameplay, fitting the emotion of annoyance.	0
97	neutral	disgust	The phrase 'like the filthy animal I am' conveys a sense of self-deprecation and shame, suggesting a negative perception of oneself. This wording indicates a feeling of disgust towards one's own actions or identity. The use of 'filthy animal' implies a strong aversion and a lack of approval for one's behavior, aligning it closely with the emotion of disgust.	0
100	neutral	confusion	The phrase 'And you believe this?' suggests a sense of uncertainty or disbelief about the subject being discussed. It indicates that the speaker is questioning someone else's belief, which reflects a lack of clarity or understanding regarding that belief.	0
101	neutral	disapproval	The statement expresses a negative opinion about products that are not sours, describing them as 'completely forgettable and average.' This indicates a lack of approval and suggests disappointment in those particular products, which aligns with the emotional category of disapproval.	0
103	annoyance	annoyance	The phrase 'Dude. Stop. Seriously.' conveys a sense of irritation or frustration. The use of direct language without embellishment indicates that the speaker is likely annoyed by someone's behavior. The repetition and insistence in the phrasing further emphasize the annoyance.	0
113	disappointment	disappointment	The speaker expresses a sense of frustration and dissatisfaction with their financial situation, particularly regarding the length of time it takes to save money. The phrase 'even that is nothing' conveys a feeling of insignificance about their savings, while the mention of 'should have bought more bitcoins' suggests regret over missed opportunities, reinforcing a sense of disappointment in their current strategy.	0
119	neutral	confusion	The sentence is unclear and lacks coherence, leading to confusion about its meaning. The phrase 'Deluxe always need ingest people' seems to be a grammatical error or a misuse of words, making it difficult to discern the intended message. The mention of 'fairly regular openings for media operators' without context adds to the ambiguity, suggesting that the speaker may not be effectively communicating their point, which aligns with the emotion of confusion.	0
127	admiration	gratitude	The phrase indicates a positive sentiment towards [NAME], suggesting that they were a source of positivity or appreciation in an otherwise disappointing context. This reflects an appreciation or thankfulness for their presence or contribution, which aligns with the emotion of gratitude.	0
128	fear	disapproval	The phrase 'Your coaching is terrible' expresses a strong negative judgment about someone's abilities, indicating dissatisfaction and lack of approval. Furthermore, the directive 'be ready and see how [NAME] uses [NAME]' suggests a contrasting expectation that someone else will perform better, reinforcing the disapproval of the initial coaching.	0
129	love	love	The use of 'adore' clearly indicates a strong positive feeling or affection, which aligns with the emotion of love. Additionally, the heart symbol '<3' further emphasizes warm feelings and affection towards the comment section.	0
131	neutral	disappointment	The sentence expresses a sense of dissatisfaction regarding the patch. While it acknowledges that the patch is good, the phrase 'could be way better' indicates an underlying disappointment with the current state of the patch, particularly highlighting the lack of changes to the deagle, which suggests unmet expectations.	0
132	annoyance	annoyance	The phrase 'Stop master debating' suggests irritation towards someone's behavior, while 'you are making a fool out of yourself' conveys an exasperated tone indicating that the speaker finds the other person's actions foolish or embarrassing. The use of 'It's concerning' further emphasizes the speaker's annoyance and worry about the situation.	0
133	neutral	neutral	The sentence conveys an observation or opinion on the timing of an action being influenced by external factors (the number of people awake). It lacks strong emotional language or intent, focusing instead on a situational consideration, which keeps it in a neutral tone.	0
141	optimism	caring	The phrase 'good luck buddy' conveys a sense of support and encouragement towards someone. The use of 'buddy' indicates a friendly relationship, suggesting a caring attitude. It expresses a wish for the other person's success or well-being, which aligns with the emotional category of caring.	0
146	admiration	confusion	The speaker expresses a lack of understanding regarding the practice of giving gold to crossposts, indicating perplexity about the motivations behind that behavior. The second part of the sentence, while complimentary, does not negate the primary emotion of confusion; instead, it adds a tone of support for the subject deserving recognition.	0
147	joy	gratitude	The phrase 'glad I could help' expresses a sense of appreciation for the opportunity to assist someone, indicating a feeling of gratitude. The cheerful tone of 'Cheers!' further reinforces this positive emotional sentiment.	0
151	gratitude	optimism	The phrase 'as the days go by they are getting better' reflects a hopeful attitude about future improvements. The use of 'Thanks' and the smiley face further indicates a positive sentiment toward current circumstances.	0
152	admiration	approval	The phrase 'Good job OP. Stay strong. You're almost there.' reflects a positive acknowledgment of someone's efforts and encourages perseverance. This indicates approval of their journey and resilience, linking to the notion of 'success' as a form of vindication or achievement.	0
155	joy	excitement	The use of exclamation marks indicates a high level of enthusiasm or energy. The phrase suggests a strong positive reaction to the music, often associated with feelings of joy and thrill that one might experience when recognizing something personally significant or enjoyable.	0
157	curiosity	curiosity	The question is framed in a way that seeks information about the location of the person being addressed. The use of 'don‚Äôt you?' suggests an interest in confirming an assumption rather than expressing a strong emotional response. This reflects a desire to understand or learn more about the person's background.	0
158	approval			1
160	annoyance	disapproval	The sentence expresses a strong negative opinion about the implications of allowing underpaid prison labor, indicating a judgment of disapproval towards the exploitation of the prison population instead of focusing on rehabilitation. The term 'perverse incentives' implies that the speaker finds the situation morally objectionable.	0
161	approval	anger	The phrase 'you're banned for this whole convo' indicates a strong negative emotion, possibly stemming from frustration or disapproval towards the other person. The use of 'banned' implies a severe consequence, suggesting that the speaker feels wronged or upset by the conversation, leading to an angry sentiment.	0
166	love	disappointment	The speaker expresses a sense of being over their ideal weight ('2 stone over weight'), which suggests a feeling of disappointment with their current physical state. Although they mention a love for food, it implies a conflict between their enjoyment and their awareness of health implications, enhancing the feeling of disappointment.	0
169	curiosity	confusion	The statement seems to express a level of uncertainty or bewilderment, particularly regarding the reference to a handout and its connection to building a stadium. The phrasing 'this guy' implies a lack of clarity about who is being discussed and why the handout is relevant, which suggests confusion.	0
170	joy	amusement	The phrase 'i think its cool' expresses a positive and light-hearted appreciation for the subject, suggesting enjoyment or playfulness. The mention of a hybrid car that comes in stickshift highlights a unique and fun aspect, which adds an amusing twist to the admiration for the car's features.	0
172	gratitude	gratitude	The speaker expresses appreciation by thanking someone for sharing something for the first time, indicating a sense of gratitude towards the person who provided the information. The reference to 'definitely shows the propaganda efforts' suggests a critical observation, but the primary emotional tone is one of thankfulness.	0
174	neutral	disapproval	The phrase 'had to walk back your support' indicates a retreat or reversal from a previously held position, likely due to negative consequences or backlash. The mention of 'catch up your shotgun' suggests a serious implication or concern about personal rights being affected, indicating disapproval of the situation or the bill itself. This reflects a feeling of discontent towards the decision or its implications.	0
175	approval	approval	The sentence expresses a positive sentiment towards the game being discussed, suggesting it is 'decent' which indicates appreciation. The phrase 'one of the very few' implies a sense of value or rarity, further contributing to a tone of approval towards the quality and performance of the game in the context of its release year.	0
178	confusion	disappointment	The speaker expresses a sense of doubt regarding the interest of 'my boy' in Panic! At the Disco, indicating they expected or hoped for a different outcome. The phrase 'I doubt' suggests a feeling of disappointment in their perception of the situation and implies a wish for more engagement with the band.	0
179	neutral	neutral	The sentence expresses an idea about significance without eliciting strong emotions. It presents an opinion on a character's importance in a game context, using a neutral tone and avoiding emotionally charged language that would indicate admiration, disapproval, or any of the more emotionally driven categories. The speaker appears to be clarifying a point rather than displaying any emotional response.	0
184	admiration	admiration	The phrase 'Such a nice photo' conveys a positive evaluation of the photo, indicating appreciation for its quality or beauty. This reflects admiration for the depiction of city hall.	0
185	sadness	sadness	The speaker describes an experience of suffering due to being ill, which evokes a sense of distress and unhappiness. The mention of 'delirium flu' indicates physical pain and discomfort, while 'all sorts of suffering' emphasizes the extent of their negative experience. Overall, this expresses a deeply negative emotional state.	0
186	admiration	confusion	The phrase 'I had no idea what the fuck this was about' indicates confusion about the subject matter initially. However, the statement 'It's actually decent' shows a shift to a positive realization after watching the ad, but the confusion remains the dominant emotion conveyed initially.	0
191	neutral	confusion	The phrase 'would feel weird' indicates a sense of uncertainty or discomfort about the action of swiping right on someone who is left-handed. This implies that the speaker is puzzled by the societal implications or personal feelings towards dating a left-handed person, hence the emotional label of confusion.	0
195	neutral	disgust	The phrase implies a disrespectful and offensive sentiment towards someone's mother, suggesting that she is in a negative or undesirable state (purgatory) in a mocking manner ('xd' typically represents laughter or amusement in an insincere or hurtful context). This can evoke feelings of distaste or revulsion towards the comment, categorizing it as disgusting behavior.	0
196	approval	approval	The phrase suggests a positive perspective on the situation by indicating that what might initially seem like desperation is instead a thoughtful consideration of options. This interpretation implies an approval of this approach, highlighting a constructive and rational mindset.	0
197	neutral	disgust	The description of the bathroom facilities evokes a strong feeling of disgust due to the state of disrepair, such as the lack of a soap dispenser, the damaged toilet, and the excessive toilet paper. This combination of elements suggests an unpleasant and unsanitary environment, leading to a natural emotional response of disgust.	0
198	confusion	confusion	The sentence presents a logical statement about two groups that may not be immediately clear, which can lead to confusion regarding the definitions and implications of 'supporters' and 'tankies,' as well as the relationship between them. The use of 'but' suggests a contrast that could be confusing for readers trying to understand the subtleties of the argument.	0
199	disapproval	disapproval	The sentence expresses a strong negative sentiment towards the concept of brainwashing individuals into committing murder. The words 'bizarre' and 'intentionally brainwash' imply a moral objection and condemnation of such practices, indicating disapproval of the actions being described.	0
201	curiosity	curiosity	The speaker seems to be inquiring about someone‚Äôs actions in a poker game, specifically asking what they are doing on the river phase. This indicates a desire to know more about the situation and the person's decision-making process, which reflects curiosity.	0
202	neutral	disgust	The phrase 'I highly dislike this' indicates a strong negative reaction, suggesting feelings of aversion or repulsion towards something. The use of 'dislike' is a clear indicator of disgust, which is reinforced by the context of rating it as '10/10 TIHI material,' implying that it is intensely unpleasant or undesirable.	0
203	neutral	anger	The use of the term 'scumbags' indicates a strong negative emotion towards certain people or actions. The phrase 'sucks that it's so easy to use for a lot of other things' conveys frustration and dissatisfaction with a situation, which aligns with feelings of anger.	0
205	approval	curiosity	The phrase suggests a sense of intrigue about a common condition that the speaker believes the listener may possess unknowingly. The use of 'probably' implies an invitation for the listener to reflect on their own experiences, prompting curiosity about the commonality and the nature of the mentioned issue.	0
210	sadness	disappointment	The use of 'unfortunately' indicates a sense of regret about the situation, and the phrase 'never got the final shot he deserved' suggests an unfulfilled potential and a feeling that the outcome was not just. The sad face emoticon at the end reinforces the feeling of disappointment regarding the circumstances faced by the individual.	0
214	curiosity	confusion	The phrase 'Doesn't seem like a big deal' suggests a lack of understanding or clarity about the situation, indicating that the speaker is unsure about the importance or context of the matter being discussed. Additionally, the question 'is she in the room?' reflects uncertainty and a quest for more information, reinforcing the confusion inferred in the overall tone.	0
216	annoyance	anger	The statement reflects feelings of anger and frustration towards someone perceived as deceitful. The use of words like 'duped' and 'fake' conveys a strong negative sentiment and a sense of betrayal, indicating the speaker's intense emotional reaction.	0
217	sadness	sadness	The use of 'they took it off' suggests a loss or absence, which typically evokes feelings of sadness, particularly since the speaker is lamenting over the unavailability of the show in Canada. The sad face emoticon ' :'(' reinforces this emotional tone, emphasizing disappointment in not having access to something enjoyable.	0
219	neutral	surprise	The statement expresses an element of unexpectedness regarding OG's behavior of passing up an opportunity. The use of 'first time' highlights that this is an unusual occurrence, which typically indicates surprise at this deviation from expected actions or patterns.	0
221	neutral	disapproval	The tone of the statement reflects a negative view towards the job market, suggesting dissatisfaction with the quality of jobs available. The phrase 'Mostly shit paying jobs' conveys contempt and dissatisfaction, while the mention of 'older people rejoining the workforce' hints at a critical perspective on this development. The phrase 'Ofc they will spin it as 	0
222	disappointment	annoyance	The phrase 'This shirt IS a problem' indicates a sense of exasperation or frustration with the shirt, suggesting that it is bothersome or undesirable. The directive 'Get rid of it' further emphasizes a strong desire to remove the source of annoyance, which aligns with the emotion of annoyance.	0
224	love	joy	The phrase 'I really like this photo' expresses a positive emotional response, indicating pleasure and enjoyment associated with the photo. The use of 'really like' emphasizes a strong, affirmative sentiment, reflecting happiness or joy in viewing it.	0
228	gratitude	disgust	The phrase 'i hate it' expresses a strong negative feeling towards the subject mentioned, which in this case is likely related to being 'goal-less.' The use of 'hate' indicates a deep aversion, and the overall tone suggests a sense of distaste towards the concept or possibly towards an experience related to it.	0
229	neutral	confusion	The statement 'I am still a child' indicates a possible internal conflict or uncertainty about one's identity or maturity. It reflects a sense of confusion about one's place in the world, as it may suggest that the speaker feels they have not fully transitioned into adulthood or are grappling with how they are perceived by others.	0
230	annoyance	disapproval	The phrase conveys a negative judgment about someone's attitude towards the game Overwatch, implying that they take it too seriously to the point of being socially inept. The use of 'one of those people' suggests a dismissive view, and 'has no life' adds to the criticism, indicating disapproval of their priorities and lifestyle.	0
235	disappointment	disappointment	The use of 'unfortunately' indicates a sense of regret or sadness regarding the lack of options for fibre in the speaker's location. The sad face emoticon ':( ' further emphasizes this feeling of disappointment about the situation.	0
241	approval	joy	The speaker expresses enthusiasm and happiness about the premiere of Season 2, especially highlighting their deep connection as a 'huge TNG fan.' The statement reflects a positive emotion derived from their enjoyment of the series and the anticipation of a new season that resonates with their love for The Next Generation (TNG).	0
242	neutral	love	The sentence expresses a strong positive sentiment towards England, indicated by the phrase 'I LOVE ENGLAND.' The use of capital letters emphasizes the intensity of this emotion. Additionally, the assertive tone about agreeing with Oxford suggests a passionate attachment to a specific viewpoint, reinforcing a sense of pride and affection for England.	0
244	confusion	amusement	The phrase 'Idk for fun?' suggests a lighthearted attitude and an intention to engage in something enjoyable or entertaining. The use of 'for fun' indicates a lack of seriousness, which aligns with feelings of amusement.	0
245	approval	excitement	The phrase 'more determined to tank for Zion' indicates a sense of motivation and eagerness, likely tied to a sports context where 'tanking' refers to deliberately losing to improve chances for a better draft pick. The wording suggests a positive, energized approach towards that goal, which aligns with excitement.	0
249	neutral	disapproval	The phrase 'r/hockey has no love for us!' implies a negative sentiment towards a group or community, suggesting disappointment or disdain for their lack of acceptance. This reflects a disapproving attitude towards the perceived exclusion, as well as an invitation to stay with a more 'cool' crowd, reinforcing the notion of disapproval towards the original group.	0
250	disapproval	disapproval	The speaker expresses a negative judgment about the lack of concern from 'they,' indicating dissatisfaction or disapproval of their attitude towards significant issues like Al Qaida or Ahrar al Sham. The phrase 'makes little difference anyway' further emphasizes a dismissive attitude towards the situation, reinforcing the feeling of disapproval.	0
257	admiration	admiration	The speaker expresses a positive evaluation of a player's performance, focusing on impressive statistics like '0.69 ERA' and '10.7 K/9'. The use of 'great' indicates respect and admiration for the player's skills and contributions, while the phrase 'I forgot about him' suggests a fond recall and appreciation of the player.	0
260	disapproval	annoyance	The speaker expresses irritation with the lack of specific information. The use of 'No' at the beginning signals frustration, and the phrase 'isn't a source' emphasizes their dissatisfaction with the suggestion of simply Googling information instead of providing concrete sources.	0
262	neutral	anger	The phrase 'should be fired' implies a strong negative stance towards someone's actions or character, indicating a feeling of anger or frustration towards that person. The use of 'woke' suggests a dismissive attitude towards social awareness or activism, which further amplifies the emotional intensity of the statement. Therefore, it conveys anger towards both the individual in question and the broader cultural context.	0
267	optimism	amusement	The statement expresses a wish for someone to live a long life, but the motivation behind it is to annoy 'them.' This suggests a humorous intent, as the speaker finds the idea of such a long life as a means to provoke or entertain. The phrasing indicates a light-heartedness about the situation, implying that the speaker finds the thought amusing rather than expressing serious malice.	0
268	amusement	amusement	The use of 'lol' at the end of the sentence suggests a lighthearted tone, indicating that the speaker finds humor in the situation despite recognizing the limitation of the question. This reflects amusement rather than any negative emotions.	0
270	neutral	disappointment	The sentence conveys a sense of inevitability regarding a negative outcome where someone must lose, suggesting dissatisfaction with the proposed outcome. The phrase 'that would never pass' indicates a sense of resignation and disappointment in the perceived fairness of the situation.	0
273	neutral			1
274	surprise	surprise	The phrase 'more than pleasantly surprised' indicates a strong feeling of unexpected pleasure or delight upon clicking the link, which aligns well with the emotion of surprise. The use of the word 'surprised' is the key indicator here, along with the positive modifier 'pleasantly'.	0
275	annoyance	surprise	The statement conveys a sense of astonishment regarding the extreme weather change, indicated by the significant temperature difference in a short time frame. The phrase 'weather is crazy stuff' further emphasizes the unexpected and unusual nature of the situation, aligning it with the emotion of surprise.	0
279	disapproval	curiosity	The phrase suggests a contemplation regarding the necessity for additional elements for survival or existence. The use of 'need' implies an inquiry into what those elements might be, which evokes a sense of curiosity about the unspecified 'something else' that is required.	0
281	amusement	joy	The sentence conveys a sense of happiness and pleasure derived from shared humor and laughter with others. The expressions 'non-stop laugh together' and the excitement in 'MEEEEEEEEE' indicate a strong emotional connection and joy in finding someone who appreciates their humor.	0
286	neutral	curiosity	The statement highlights an interesting fact that may intrigue a listener or reader, inviting them to think more about the concept of numbers. It expresses a sense of wonder or questioning about a fundamental idea, which aligns with the emotion of curiosity.	0
287	neutral	disappointment	The use of 'sorry' suggests a sense of regret or sorrow regarding the situation mentioned, potentially indicating disappointment about the director's choice or actions in relation to the purchase.	0
289	neutral	sadness	The phrase conveys a sense of loss or a feeling of betrayal, indicating that the speaker feels let down or hurt by their siblings. The use of 'kill me like that' suggests a metaphorical expression of deep emotional pain or disappointment with their family relationships, which aligns with the emotion of sadness.	0
291	admiration	amusement	The statement carries a light-hearted tone, suggesting a playfulness in comparing two animated films. The phrase 'Good news' implies a positive sentiment, and the reference to 'shark tale' as a contrast to 'finding Nemo' indicates a humorous take, potentially poking fun at differing themes or narratives of the movies.	0
294	curiosity	curiosity	The question 'Are you still sitting in the car right now?' reflects a desire to know about someone's current situation. The phrasing indicates an interest in the person's whereabouts without any negative connotations, aligning it with a sense of curiosity.	0
296	optimism	nervousness	The sentence expresses a sense of worry or anxiety about [NAME]'s potential loss of control, particularly with the phrase 'just hope it's not tonight.' This indicates an underlying tension and concern about the timing of this event, suggesting a feeling of nervousness regarding the situation.	0
297	disgust	embarrassment	The speaker expresses a strong negative feeling ('I feel awful') about posting something, which indicates a sense of embarrassment or shame. The phrase 'but I couldn‚Äôt not share' implies a conflict between their discomfort and the necessity to share, further reinforcing the emotional state of embarrassment.	0
299	surprise	disapproval	The phrase 'Read a book, sweatie!' suggests a condescending or mocking tone, indicating that the speaker disapproves of someone's lack of knowledge or insight. The use of 'Wow. Just .. wow.' reinforces this feeling of disbelief or disappointment in someone's actions or words, which aligns with the emotional category of disapproval.	0
